full_name,email,gender
Jacquenette Nesterov,jnesterov0@squarespace.com,female
Leanora Cashell,lcashell1@blogger.com,male
Arley Medford,amedford2@newyorker.com,male
Rafaello Crawshaw,rcrawshaw3@multiply.com,male
Karalee Hallaways,khallaways4@uol.com.br,non-binary
Georgi Wardroper,gwardroper5@1688.com,male
Spense Broxis,sbroxis6@theguardian.com,male
Lurette Trainor,ltrainor7@delicious.com,female
Carina Tunney,ctunney8@shutterfly.com,female
Mellisa Goodey,mgoodey9@multiply.com,female
Conant Hillen,chillena@java.com,female
Barry McGibbon,bmcgibbonb@fda.gov,male
Velma Zannetti,vzannettic@ycombinator.com,male
Millie Capun,mcapund@bluehost.com,female
Salim Mordaunt,smordaunte@phpbb.com,non-binary
Martina Briggdale,mbriggdalef@fda.gov,female
Aprilette Heindl,aheindlg@fema.gov,female
Woody Kynge,wkyngeh@woothemes.com,female
Di Crewes,dcrewesi@myspace.com,male
Siegfried Hulme,shulmej@skyrock.com,female
Alphard Tiffney,atiffneyk@ucoz.com,female
Rosalie Hamil,rhamill@springer.com,female
Jemmy Redholls,jredhollsm@csmonitor.com,female
Kathie Dunford,kdunfordn@google.es,female
Sigismond Shoppee,sshoppeeo@umich.edu,male
Lemuel Marnes,lmarnesp@reverbnation.com,non-binary
Vilma Jannaway,vjannawayq@ox.ac.uk,male
Batsheva Hourihane,bhourihaner@amazon.com,male
Lynn Pedlow,lpedlows@xing.com,female
Salmon Shergold,sshergoldt@amazon.co.uk,male
Tabb Vesco,tvescou@drupal.org,female
Ernesta Feehan,efeehanv@ucsd.edu,male
Janel Cluderay,jcluderayw@wikimedia.org,female
Ferdinand Dorsett,fdorsettx@bizjournals.com,female
Kenny Dovington,kdovingtony@weebly.com,female
Bear Seaward,bseawardz@domainmarket.com,male
Sapphira Lackham,slackham10@twitpic.com,female
Sacha Olenchenko,solenchenko11@cornell.edu,female
Eugen Glassup,eglassup12@mtv.com,male
Griswold Threadkell,gthreadkell13@pen.io,non-binary
Augie Hyett,ahyett14@miitbeian.gov.cn,female
Costa Meeny,cmeeny15@cnet.com,female
Andres McManamen,amcmanamen16@usgs.gov,female
Sofie Kerwen,skerwen17@go.com,male
Alejandro Hughesdon,ahughesdon18@apple.com,female
Isaak Pedley,ipedley19@usatoday.com,female
Aloisia Antosik,aantosik1a@360.cn,female
Haze Havik,hhavik1b@census.gov,non-binary
Skip Sinton,ssinton1c@adobe.com,female
Alfredo Pauler,apauler1d@ucoz.ru,non-binary
Henryetta Maggiore,hmaggiore1e@indiatimes.com,male
Carmel Dreng,cdreng1f@phpbb.com,female
Marlow Varfolomeev,mvarfolomeev1g@shutterfly.com,male
Morena Semered,msemered1h@kickstarter.com,male
Murial Bridgeman,mbridgeman1i@opensource.org,female
Stanly Caswell,scaswell1j@nsw.gov.au,male
Teodoro Plevey,tplevey1k@newsvine.com,female
Louisette Quiddihy,lquiddihy1l@domainmarket.com,female
Bartram Arber,barber1m@go.com,male
Dulci Colbourn,dcolbourn1n@nhs.uk,female
Nil Enser,nenser1o@biblegateway.com,male
Wat Alp,walp1p@google.de,male
Fiann Butteris,fbutteris1q@apache.org,non-binary
Addison Cayford,acayford1r@latimes.com,male
Sibyl Bidwell,sbidwell1s@yandex.ru,female
Wittie Kibblewhite,wkibblewhite1t@adobe.com,female
Marylou Maddie,mmaddie1u@webs.com,male
Abbie Bilbrooke,abilbrooke1v@tmall.com,female
Emylee Rosendall,erosendall1w@patch.com,non-binary
Martelle Coche,mcoche1x@imdb.com,male
Humberto Hinsche,hhinsche1y@hp.com,female
Dulci Red,dred1z@guardian.co.uk,male
Ewell Rickardsson,erickardsson20@instagram.com,male
Phineas Manssuer,pmanssuer21@mozilla.com,male
Janel Lowmass,jlowmass22@vk.com,male
Tabbatha Measor,tmeasor23@washington.edu,female
Leesa Billyeald,lbillyeald24@netscape.com,male
Dulcia Mengo,dmengo25@xinhuanet.com,male
Darrel Akast,dakast26@vinaora.com,male
Elyn Densie,edensie27@yellowbook.com,female
Tessy Trask,ttrask28@freewebs.com,male
Alaster Beer,abeer29@clickbank.net,female
Thaddus Carbry,tcarbry2a@scientificamerican.com,female
Stern Peye,speye2b@netvibes.com,female
Fran Torri,ftorri2c@imdb.com,male
Felizio Genny,fgenny2d@example.com,female
Dana Frazier,dfrazier2e@google.de,non-binary
Gwen Estevez,gestevez2f@bloomberg.com,female
Berty Northam,bnortham2g@princeton.edu,male
Oralla Danielski,odanielski2h@usa.gov,female
Lanni Blything,lblything2i@ycombinator.com,male
Sancho Scoyles,sscoyles2j@tuttocitta.it,female
Alix Gooderick,agooderick2k@issuu.com,female
Shandee Gresch,sgresch2l@stumbleupon.com,male
Carmina Nicolls,cnicolls2m@jugem.jp,female
Lucienne McFaul,lmcfaul2n@vk.com,female
Sheelagh Chretien,schretien2o@google.it,male
Ransom Smyth,rsmyth2p@geocities.com,male
Mauricio Goane,mgoane2q@nhs.uk,male
Iain Stephens,istephens2r@newyorker.com,male
